<?xml version="1.0" encoding="UTF-8"?>

<ValueSet xmlns="http://hl7.org/fhir">
  <id value="mcode-condition-status-trend-vs"/>
  <text>
    <status value="generated"/><div xmlns="http://www.w3.org/1999/xhtml"><p class="res-header-id"><b>Generated Narrative: ValueSet mcode-condition-status-trend-vs</b></p><a name="mcode-condition-status-trend-vs"> </a><a name="hcmcode-condition-status-trend-vs"> </a><a name="mcode-condition-status-trend-vs-en-US"> </a><ul><li>Include these codes as defined in <a href="http://www.snomed.org/"><code>http://snomed.info/sct</code></a><table class="none"><tr><td style="white-space:nowrap"><b>Code</b></td><td><b>Display</b></td></tr><tr><td><a href="http://snomed.info/id/260415000">260415000</a></td><td>Not detected (qualifier)</td></tr><tr><td><a href="http://snomed.info/id/268910001">268910001</a></td><td>Patient condition improved (finding)</td></tr><tr><td><a href="http://snomed.info/id/359746009">359746009</a></td><td>Patient's condition stable (finding)</td></tr><tr><td><a href="http://snomed.info/id/271299001">271299001</a></td><td>Patient's condition worsened (finding)</td></tr><tr><td><a href="http://snomed.info/id/709137006">709137006</a></td><td>Patient condition undetermined (finding)</td></tr></table></li></ul></div>
  </text>
  <url value="http://cocapacitacion.org/ValueSet/mcode-condition-status-trend-vs"/>
  <version value="0.1.0"/>
  <name value="ConditionStatusTrendVS"/>
  <title value="Condition Status Trend Value Set"/>
  <status value="draft"/>
  <date value="2024-09-04T16:46:58-03:00"/>
  <publisher value="CO CAPACITACION"/>
  <contact>
    <name value="CO CAPACITACION"/>
    <telecom>
      <system value="url"/>
      <value value="http://cocapacitacion.org/ejemplo-publicacion"/>
    </telecom>
  </contact>
  <description value="How patient's given disease, condition, or ability is trending."/>
  <compose>
    <include>
      <system value="http://snomed.info/sct"/>
      <concept>
        <code value="260415000"/>
        <display value="Not detected (qualifier)"/>
      </concept>
      <concept>
        <code value="268910001"/>
        <display value="Patient condition improved (finding)"/>
      </concept>
      <concept>
        <code value="359746009"/>
        <display value="Patient's condition stable (finding)"/>
      </concept>
      <concept>
        <code value="271299001"/>
        <display value="Patient's condition worsened (finding)"/>
      </concept>
      <concept>
        <code value="709137006"/>
        <display value="Patient condition undetermined (finding)"/>
      </concept>
    </include>
  </compose>
</ValueSet>