<?xml version="1.0" encoding="UTF-8"?>

<ValueSet xmlns="http://hl7.org/fhir">
  <id value="mcode-cancer-disease-status-evidence-type-vs"/>
  <text>
    <status value="generated"/><div xmlns="http://www.w3.org/1999/xhtml"><p class="res-header-id"><b>Generated Narrative: ValueSet mcode-cancer-disease-status-evidence-type-vs</b></p><a name="mcode-cancer-disease-status-evidence-type-vs"> </a><a name="hcmcode-cancer-disease-status-evidence-type-vs"> </a><a name="mcode-cancer-disease-status-evidence-type-vs-en-US"> </a><ul><li>Include these codes as defined in <a href="http://www.snomed.org/"><code>http://snomed.info/sct</code></a><table class="none"><tr><td style="white-space:nowrap"><b>Code</b></td><td><b>Display</b></td></tr><tr><td><a href="http://snomed.info/id/363679005">363679005</a></td><td>Imaging (procedure)</td></tr><tr><td><a href="http://snomed.info/id/252416005">252416005</a></td><td>Histopathology test (procedure)</td></tr><tr><td><a href="http://snomed.info/id/711015009">711015009</a></td><td>Assessment of symptom control (procedure)</td></tr><tr><td><a href="http://snomed.info/id/5880005">5880005</a></td><td>Physical examination procedure (procedure)</td></tr><tr><td><a href="http://snomed.info/id/386344002">386344002</a></td><td>Laboratory data interpretation (procedure)</td></tr></table></li></ul></div>
  </text>
  <url value="http://cocapacitacion.org/ValueSet/mcode-cancer-disease-status-evidence-type-vs"/>
  <version value="0.1.0"/>
  <name value="CancerDiseaseStatusEvidenceTypeVS"/>
  <title value="Cancer Disease Status Evidence Type Value Set"/>
  <status value="draft"/>
  <date value="2024-09-04T16:46:58-03:00"/>
  <publisher value="CO CAPACITACION"/>
  <contact>
    <name value="CO CAPACITACION"/>
    <telecom>
      <system value="url"/>
      <value value="http://cocapacitacion.org/ejemplo-publicacion"/>
    </telecom>
  </contact>
  <description value="The type of evidence backing up the clinical determination of cancer progression."/>
  <compose>
    <include>
      <system value="http://snomed.info/sct"/>
      <concept>
        <code value="363679005"/>
        <display value="Imaging (procedure)"/>
      </concept>
      <concept>
        <code value="252416005"/>
        <display value="Histopathology test (procedure)"/>
      </concept>
      <concept>
        <code value="711015009"/>
        <display value="Assessment of symptom control (procedure)"/>
      </concept>
      <concept>
        <code value="5880005"/>
        <display value="Physical examination procedure (procedure)"/>
      </concept>
      <concept>
        <code value="386344002"/>
        <display value="Laboratory data interpretation (procedure)"/>
      </concept>
    </include>
  </compose>
</ValueSet>