{
  "resourceType" : "Observation",
  "id" : "CancerDiseaseEjemplo",
  "meta" : {
    "profile" : ["http://cocapacitacion.org/StructureDefinition/mcode-cancer-disease-status"]
  },
  "text" : {
    "status" : "generated",
    "div" : "<div xmlns=\"http://www.w3.org/1999/xhtml\"><p class=\"res-header-id\"><b>Generated Narrative: Observation CancerDiseaseEjemplo</b></p><a name=\"CancerDiseaseEjemplo\"> </a><a name=\"hcCancerDiseaseEjemplo\"> </a><a name=\"CancerDiseaseEjemplo-en-US\"> </a><p><b>status</b>: Final</p><p><b>code</b>: <span title=\"Codes:{http://loinc.org 88040-1}\">Response to cancer treatment</span></p><p><b>subject</b>: <a href=\"Patient-PatientExampleUniversal.html\">Paciente Universal</a></p></div>"
  },
  "status" : "final",
  "code" : {
    "coding" : [{
      "system" : "http://loinc.org",
      "code" : "88040-1"
    }]
  },
  "subject" : {
    "reference" : "Patient/PatientExampleUniversal",
    "display" : "Paciente Universal"
  }
}